source	ko
"这是一段测试文本""这是一段测试文本""这是一段测试文本""这是一段测试文本""这是一段测试文本""这是一段测试文本""这是一段测试文本""这是一段测试文本""这是一段测试文本""这是一段测试文本""这是一段测试文本"	"테스트 문장입니다""테스트 문장입니다""테스트 문장입니다""테스트 문장입니다""테스트 문장입니다""테스트 문장입니다""테스트 문장입니다""테스트 문장입니다""테스트 문장입니다""테스트 문장입니다""테스트 문장입니다"
全部立绘	모든 스탠딩 일러스트
确定覆盖存档?	저장 데이터를 덮어쓰시겠습니까?
这是一个显示设置速度的示例>3<.	설정한 표시 속도의 예시입니다>3<.
这是一个显示默认速度的示例>3<.	기본 표시 속도의 예시입니다>3<.
取消	취소
全部CG	모든 CG
少女祈祷中...	소녀 기도 중...
确认	확인
晓夜	샤오예
莫楚玲	모추링
莫楚铃	모추링
白纤语	바이셴위
韩小澄	한샤오청
黎铭	리밍
是否关闭游戏	게임을 종료하시겠습니까?
11月12日	11월 12일
11月13日	11월 13일
是否读取存档?	불러오시겠습니까?

是否覆盖存档?	기존 저장 데이터를 덮어쓸까요?

自由时间	자유 시간
是否跳过	영상을 건너뛸까요?
是否恢复默认设置	설정을 기본값으로 되돌릴까요?
