.doorstop_version	75A2F501000D4FE28F74BC7EE66DAE5581959D28B6C44F0C1B0C05CD5BA261E6
BepInEx/config/莫楚玲_ko.png	4148BC9E06359CA97C4782CADBDB32C6F6F12141112764E14F97604D0DBF45DD
BepInEx/config/白纤语_ko.png	91133047A1E6DB66DF20B3651D85E285A1C21499D201D3A83E24998AEE391E66
BepInEx/config/不透明度_ko.png	83586BC3FC5A6FA82F3DF5D68DE90A4063EF560AA167A30A9DB6075CDB9015B8
BepInEx/config/退出1_ko.png	6A017E35A5599B47907AE1BCAD30ED74191F9BE8F4C5257199CE13267293C427
BepInEx/config/开始1_ko.png	E8E26AF165E0C252919162B180ED6B19DE10079B1E90C7809FFE8A8C3334E0FB
BepInEx/config/开始2_ko.png	50950D0C260F6089E2EDD2825EEEFA004F9F767B4CCA6A69628E5E750B17E6F6
BepInEx/config/晓夜_ko.png	57EA8F13D34A257C59FEC02D18F339D26280647EF802D6288C340F07CF9AA053
BepInEx/config/设置1_ko.png	03875610F948DFFCF9E99FD22022FE1B533D61A1AF8C22BD238F66AA8BDADCF2
BepInEx/config/设置2_ko.png	589F0F219F992D6DE44D265E111D59C9173492F6355E99EE2B97B499AEAFD1BD
BepInEx/config/语音静音_ko.png	DB112E1B96FDC86A34FD4314466B0A552011DEA6C6A7571E44AB3FD7917D7043
BepInEx/config/载入1_ko.png	5093F67D5D7EB661E5AF1B0998B5D7561CF312855E57906D9E5B47D21987AFA1
BepInEx/config/鉴赏1_ko.png	E2451D12B30CA2E4DE793EA3884FFA81BE23B16DDA40CC18BE691A79690BF225
BepInEx/config/鉴赏2_ko.png	53D361ACD147A69B8B3B0C6EFF4725089E15F86B5612D0D2774C07B58AE025F3
BepInEx/config/韩小澄_ko.png	4148BC9E06359CA97C4782CADBDB32C6F6F12141112764E14F97604D0DBF45DD
BepInEx/config/鸣谢1_ko.png	62679D56F5851084FFD9F6A16F1E427EF81933AAA3BF0D3A6FCC0BDABB4EFA86
BepInEx/config/鸣谢2_ko.png	BAA989DB52EB939D6596E8A9A84FF44FCD13F178B6EDFEEEF2076B5B3A15E03A
BepInEx/config/config_bg_text_ko.png	DE5C549CD4BD5F4EF8830FF53EA57EBEB234E1319F88F599A92A1C9BB48E1213
BepInEx/config/config_title_ko.png	D7653382F6415970BA97DF2895A3C3E327431E78FF9004CA4C1430B951950476
BepInEx/config/GalMaster_All_ko.tsv	E2144E8BA86D9BBA42E35B6A04ED47006A79A9FCEAA14E2B6F25A116B9E7DA73
BepInEx/config/galmaster_nanum_u2022	99005360BDDB3783A0E563EF5DFBF9C949753CC16F4F56A95784D329B6321BA3
BepInEx/config/GalMaster_PhoneImages/1448x2048/手机1_1_ko.png	C4D22E2A0D044038FB1CA128425778B2107C96E6E5C80FF31BAD31F2F77C7E50
BepInEx/config/GalMaster_PhoneImages/1448x2048/手机1_2_ko.png	C1F993C61A2AC2D7AE676DDDB9FD5D1E571F8484197A86A73204DFF60725A948
BepInEx/config/GalMaster_PhoneImages/1448x2048/手机1_3_ko.png	FA159AF26C231A7327421CFD12471C8DB2C179C31E57C6D4A0264594532E0915
BepInEx/config/GalMaster_PhoneImages/1448x2048/手机1_4_ko.png	1E40A756098B12108A020F14C1631B1E05B0775EFFBE838C45A5F9F39C76DFCC
BepInEx/config/GalMaster_PhoneImages/1448x2048/手机10_4_ko.png	6E7D3ED56C7B43F7FCF6B7AE6FD3A179E4B6A090F2795772DC4C735D87685422
BepInEx/config/GalMaster_PhoneImages/1448x2048/手机11_1_ko.png	EE6C50139B8516104D69220F01D0A559ADE5124921B46E575A00035E27177157
BepInEx/config/GalMaster_PhoneImages/1448x2048/手机11_2_ko.png	DC9F0E58FF940C0E2DE0315A34E27FD76204A6C11751FBF69AE682E63B3325D1
BepInEx/config/GalMaster_PhoneImages/1448x2048/手机11_3_ko.png	BE0F8EE96548AA28208EC4E8DB7779EE7CD3AC66D7E1D0B59AFED386ADFF2E61
BepInEx/config/GalMaster_PhoneImages/1448x2048/手机11_4_ko.png	5F31EA2BFD032D606F606400A49DCDF7FE6817B8C1B823422AAE237FB847749F
BepInEx/config/GalMaster_PhoneImages/1448x2048/手机5_3_ko.png	2E8DE06242D2411372B4FA66903662EC4B2517C8BFE1EBD0888D1E8E2A6CD14E
BepInEx/config/GalMaster_PhoneImages/1448x2048/手机5_4_ko.png	0799BD82D38AEED17C376FC0DDA0EE987705D90FA9F3FC0992FFF30FCAC49B4E
BepInEx/config/GalMaster_PhoneImages/1448x2048/手机6_1_ko.png	A53E417DB453478D93AE9BB3A37807AF8A14AFD051623073C923FC5EB99B6F09
BepInEx/config/GalMaster_PhoneImages/1448x2048/手机6_2_ko.png	11391521DE274F6A398DA97C1B8B0231D7906AD38D4108F54DFE433A911EC00D
BepInEx/config/GalMaster_PhoneImages/2480x3508/手机1_1_ko.png	CBB91499AF2FEAA81211B48A0E04B53801C4DE0FCEDAB6D113DC752C2FB26FE4
BepInEx/config/GalMaster_PhoneImages/2480x3508/手机1_2_ko.png	9F08636C1F97A994EB45B72171827D92EC1E2F0E03742794B43228C2FBC4003D
BepInEx/config/GalMaster_PhoneImages/2480x3508/手机1_3_ko.png	A9DAFA85D9B5ADF084877AA9504E9C5F2CBC2ABEAF24ACC2B9BBE2BC5EE0A376
BepInEx/config/GalMaster_PhoneImages/2480x3508/手机1_4_ko.png	FF83DE889DCD7E6D382148437029DA134E8D57145A8E3A6861DEB11302288842
BepInEx/config/GalMaster_PhoneImages/2480x3508/手机10_1_ko.png	4DAB5590CBDB7C03A16C744B9E04C15436B1945E2F87646B53802A1CB962C34C
BepInEx/config/GalMaster_PhoneImages/2480x3508/手机10_2_ko.png	D6D839A9A9D87BF5BECE2045008920BE59C77A849F4411C852595FA443690625
BepInEx/config/GalMaster_PhoneImages/2480x3508/手机10_3_ko.png	88A6F475E8523EFD53DE8389244C2ABA601A61A232AF494527249B7EA01392C9
BepInEx/config/GalMaster_PhoneImages/2480x3508/手机10_4_ko.png	0B71FD79ECB1937ADE69A4BF0E32672FF77278DE40F0EDA913A844A916ECAB45
BepInEx/config/GalMaster_PhoneImages/2480x3508/手机10_5_ko.png	CBB91499AF2FEAA81211B48A0E04B53801C4DE0FCEDAB6D113DC752C2FB26FE4
BepInEx/config/GalMaster_PhoneImages/2480x3508/手机10_6_ko.png	33B479E436F309ED9B94523650FD0529620A05B6BDAA00DC70A4EAE1C925C46B
BepInEx/config/GalMaster_PhoneImages/2480x3508/手机10_7_ko.png	70BB547F51DA48206C25FBFB28FD5DE35FC6481D6BA95419EA774FFE1449B35F
BepInEx/config/GalMaster_PhoneImages/2480x3508/手机10_8_ko.png	2534E21F0D67007BD2700016DA827412852767CB5DB3A2E0141033DCA475C82B
BepInEx/config/GalMaster_PhoneImages/2480x3508/手机10_9_ko.png	4614FAE14855FBB2C045DD11441B11ADE2144B98385CF207F63FC1F09B867FE7
BepInEx/config/GalMaster_PhoneImages/2480x3508/手机11_1_ko.png	304C89C443F24FB03BD8546B6C10E342F7581E52C676DAB89FE36DB5B6E06639
BepInEx/config/GalMaster_PhoneImages/2480x3508/手机11_10_ko.png	8B1D97A4D4E0EB14FE5048B5D25AC017144D00219898D3F9AA37760E545CC6D0
BepInEx/config/GalMaster_PhoneImages/2480x3508/手机11_11_ko.png	531C7394FF11F67C484D660EBA95E7EB177F8F8C435517954EEB46499A18BD4E
BepInEx/config/GalMaster_PhoneImages/2480x3508/手机11_12_ko.png	6B8B993F3192FEC9C7F00292E468C1E4A4FA2BF5C302B7145FBE931A27C2A466
BepInEx/config/GalMaster_PhoneImages/2480x3508/手机11_13_ko.png	C3387D260079A427F8934A7781B7DD99BA3183597E0AF7090F4D9C3C8277FB4B
BepInEx/config/GalMaster_PhoneImages/2480x3508/手机11_14_ko.png	BDA450E6A3759601EF6770B2C57485FA58DCE8FBF32A492C634786903B01B069
BepInEx/config/GalMaster_PhoneImages/2480x3508/手机11_15_ko.png	974B5FACA937BBC26A323576E53684EA0E195D346EB90F554A16101B71ECF1C9
BepInEx/config/GalMaster_PhoneImages/2480x3508/手机11_16_ko.png	1EFEF83833011B06DC21D3FB7C1F531501DFFFCAD146371637AAA09F8F7E637C
BepInEx/config/GalMaster_PhoneImages/2480x3508/手机11_17_ko.png	C59F04A1C7B109FBF746DD432AE5FFF6683BE8A6C9D954C94F23208951F7FE8E
BepInEx/config/GalMaster_PhoneImages/2480x3508/手机11_18_ko.png	3A873F67EB8B54A1AE84B64E8DB559E601B1454AD77EFD4AA8A31989DAA7D4A1
BepInEx/config/GalMaster_PhoneImages/2480x3508/手机11_19_ko.png	C186477729A56D8B0DE6EA66A3FCDA40B5B638E0148FE0F8D8FB4C020D63FFC7
BepInEx/config/GalMaster_PhoneImages/2480x3508/手机11_2_ko.png	87FBC5CD02186EA47B969AFADC52D5E923C04B30267DD3620EDEE3C4D45E7629
BepInEx/config/GalMaster_PhoneImages/2480x3508/手机11_20_ko.png	8B48C4B81F82718E7FF0739EC66F09FC6C9B8594859EB59025EFCDABA4F29612
BepInEx/config/GalMaster_PhoneImages/2480x3508/手机11_21_ko.png	E3CA291B85C21F73236192F7CA43C219ACA0B192A2FEBD86F73120C805D75407
BepInEx/config/GalMaster_PhoneImages/2480x3508/手机11_22_ko.png	7AB12FD2A618D78AEDE62BC9AF6164E5E915A79FFB1805689429CE5F425C5E1E
BepInEx/config/GalMaster_PhoneImages/2480x3508/手机11_23_ko.png	FBE9E300632F5F7A4A0E9A082175B332DD9E1DA6C5C056C9843EB5D893DA26EB
BepInEx/config/GalMaster_PhoneImages/2480x3508/手机11_24_ko.png	295FB801ECDBFCBF031577A274B958291E209D5DCBFBEFFAB3A12E434D6BE0BF
BepInEx/config/GalMaster_PhoneImages/2480x3508/手机11_25_ko.png	771526F5099B10D79FE3CC182736B89F411F51469042651E2ED14F8EC7F2EF5E
BepInEx/config/GalMaster_PhoneImages/2480x3508/手机11_26_ko.png	8C156E353FF9B33251A3A0AFE0DA8C33C8D82F88F955A2978C5CFEF867A89BF6
BepInEx/config/GalMaster_PhoneImages/2480x3508/手机11_27_ko.png	95F7A8DF40AE97E8790A908020804562E125733E05F0D305FA3693B2D8B01311
BepInEx/config/GalMaster_PhoneImages/2480x3508/手机11_28_ko.png	34EE5DBB3426EA53988094B92B9C4946C0056FDF0DEF2D56F5141FEE251993F0
BepInEx/config/GalMaster_PhoneImages/2480x3508/手机11_29_ko.png	5E4915562085D9D6B9E61BC49722B1E1C86A2CF198F29F071AA851F875163771
BepInEx/config/GalMaster_PhoneImages/2480x3508/手机11_3_ko.png	BC39AA4BB56A48CA688DA41C1BE3F37F13F1CBD63589968A6E0155DC26270E65
BepInEx/config/GalMaster_PhoneImages/2480x3508/手机11_4_ko.png	4E4CA644901A030E8202E2DC3D1E912E385ECBA418854DBAFB5CB17F783B3256
BepInEx/config/GalMaster_PhoneImages/2480x3508/手机11_5_ko.png	AB61C815667A08F78207A922EB80C52145903C7C829D8C7DD40D0BF31CB5FEAF
BepInEx/config/GalMaster_PhoneImages/2480x3508/手机11_6_ko.png	D228F6B1A7120787668992E41663E4D468444A6FA9B481E76BD1290CA2F20BCF
BepInEx/config/GalMaster_PhoneImages/2480x3508/手机11_7_ko.png	7A4FC8506EA1E3C12573551893AFBD360C9363BE1CDBF0520F0E46901B242882
BepInEx/config/GalMaster_PhoneImages/2480x3508/手机11_8_ko.png	FB4652D94CB4386E56769BD777255126E3BFBBEC2DCF35AAC55B16622C3240E2
BepInEx/config/GalMaster_PhoneImages/2480x3508/手机11_9_ko.png	2BF30126B56B9B943CEEFA2268E1D9E87871AB0B599893CBB998D5323BAF3DC9
BepInEx/config/GalMaster_PhoneImages/2480x3508/手机12_1_ko.png	14339E6D386F7C877A589E030E7E5E480CA3DB1B77615FB397100306DC845E7F
BepInEx/config/GalMaster_PhoneImages/2480x3508/手机12_2_ko.png	BAD06E969BFB8BCF6B5F1DB54486371BE42BE6563AAA286C58ACE2F9D3D7F84C
BepInEx/config/GalMaster_PhoneImages/2480x3508/手机12_3_ko.png	F67564AD75D2AE248CD1CE3B98D77D39CECEF86CF0C15B3482E58C4855346DE6
BepInEx/config/GalMaster_PhoneImages/2480x3508/手机12_4_ko.png	9871087D8C5693287EFCD62A54DD7E05F3AE888062DED0D39F3EAA0359E0A65E
BepInEx/config/GalMaster_PhoneImages/2480x3508/手机12_5_ko.png	DCF65EDE38E0576473892414C793140465D37DDF23E8064D3D923D43DC09E8C7
BepInEx/config/GalMaster_PhoneImages/2480x3508/手机12_6_ko.png	28403EA7F98C77452CB0CF9245A637AAE9F6B02813CC6B61D73C31C9510D1126
BepInEx/config/GalMaster_PhoneImages/2480x3508/手机12_7_ko.png	3AEAC711FC8D9B91CE24789223F95F2148953A2F6EBD9DA1B291E1B92F35D897
BepInEx/config/GalMaster_PhoneImages/2480x3508/手机12_8_ko.png	2FDCFEE35E34E7172FEF040D0930D2498C8427F7893C3F61CC145F581DD6EB86
BepInEx/config/GalMaster_PhoneImages/2480x3508/手机13_1_ko.png	46D898077503D3161B1C0EC10FEE165646472C3B7AEF74A80E92E2E9A1A3A20A
BepInEx/config/GalMaster_PhoneImages/2480x3508/手机13_10_ko.png	3B193D50DE8493C3D10A76F6FCC9CA3B8BBBB611FAF117A3073D4D531FB2057A
BepInEx/config/GalMaster_PhoneImages/2480x3508/手机13_11_ko.png	1D07124580E8399926E7B0098D5C5379A8AB73E75B916B623A0DAB5B6D439927
BepInEx/config/GalMaster_PhoneImages/2480x3508/手机13_12_ko.png	B81D7D12CE5C31BE201684FCBDFADDE6E06ACA11BC46AE15B623E77839963CED
BepInEx/config/GalMaster_PhoneImages/2480x3508/手机13_13_ko.png	5EC1570E23DF1C23B6786DBBDEB40520986725C3A88207D18F09D5DF1E25BF12
BepInEx/config/GalMaster_PhoneImages/2480x3508/手机13_14_ko.png	7045289F40E19B167C4B89F19D41E0577B0116E3B049A3E53239C7DD70DA919F
BepInEx/config/GalMaster_PhoneImages/2480x3508/手机13_15_ko.png	19A335325241BA6642E75D903BCE3ABD2C36FCE22C7CF61102D0DB9F095296AA
BepInEx/config/GalMaster_PhoneImages/2480x3508/手机13_16_ko.png	8EF554D82D2372EB2A8667481F42FE7E7E8812CF3E190ECB2EBEFAEA801A68D9
BepInEx/config/GalMaster_PhoneImages/2480x3508/手机13_17_ko.png	3D1EF59AE529026DE124B2EE365E79E75D58DBF4D461B4E9512BBED0230006F8
BepInEx/config/GalMaster_PhoneImages/2480x3508/手机13_18_ko.png	BA319BD2BC5E211041DA7CB1AF8220B96EF3BF152EF3E40F5A52E870D063F5C7
BepInEx/config/GalMaster_PhoneImages/2480x3508/手机13_19_ko.png	F29E374B52F887D7B401B8ECC1DC800B61FFB0EA1F4B46D30DC5787B85D74E00
BepInEx/config/GalMaster_PhoneImages/2480x3508/手机13_2_ko.png	65FA166F1C3F380848F4432F614F81D8DD96D79B431978B47A6E9AF31937CD06
BepInEx/config/GalMaster_PhoneImages/2480x3508/手机13_20_ko.png	4772E4CFFF2522D6D1201D4D9CCC2ED068E56828295011F1DB0F52C30AF79C68
BepInEx/config/GalMaster_PhoneImages/2480x3508/手机13_21_ko.png	059519CBAD240F1AA5682141FAA01C7BDE1DA0C42B734E43D0E05A5721B88C4C
BepInEx/config/GalMaster_PhoneImages/2480x3508/手机13_22_ko.png	6A83FD4FA6831E78F0A6EAA286C91104CB30BF27F61A1DD48CCFB46D11399D74
BepInEx/config/GalMaster_PhoneImages/2480x3508/手机13_23_ko.png	DE80E782A6CE78C558290E52E132F0BD61197FBD0344E1254F33C5E696AB1D4F
BepInEx/config/GalMaster_PhoneImages/2480x3508/手机13_24_ko.png	DE2BC327F73F023590D912E5A326106D415E63E237BEBB0DEBE4DA4DD0DDE128
BepInEx/config/GalMaster_PhoneImages/2480x3508/手机13_25_ko.png	A5574F91AB54E32FA88E0BD56E87A3CB5DC03237E43A83941FEE14126AED0FB9
BepInEx/config/GalMaster_PhoneImages/2480x3508/手机13_26_ko.png	5A300114A102680767AEB05806305C59145AFE79C6709D02E216883197F9EDAD
BepInEx/config/GalMaster_PhoneImages/2480x3508/手机13_27_ko.png	304B371E61AC5C275FBD1FBEB925BCC509D7064AB4A657F8BE7FEFD433FFA59B
BepInEx/config/GalMaster_PhoneImages/2480x3508/手机13_28_ko.png	F9D985D203CCB32C3B516E002E700143BA593A16784DD946879733B5C05ACF32
BepInEx/config/GalMaster_PhoneImages/2480x3508/手机13_29_ko.png	6730C095F6E8DA591C13D500116D0774B16633EA8FBADE39C86D90E88EBAF3B2
BepInEx/config/GalMaster_PhoneImages/2480x3508/手机13_3_ko.png	58A7ADA02979FF85B4185BB8E6547554F99335BA5B4A01F4203686C37BF94FDA
BepInEx/config/GalMaster_PhoneImages/2480x3508/手机13_30_ko.png	E3A1B2723AE2C9301CBCD96D7304A253AAA5456689BDD53BE73C4B08A7B730B0
BepInEx/config/GalMaster_PhoneImages/2480x3508/手机13_31_ko.png	9866EE443FBCBB490E14087A22F542A476163E4C53B7774F1A709931E2487A4F
BepInEx/config/GalMaster_PhoneImages/2480x3508/手机13_32_ko.png	576FA28F3740BFB86C74E9AA43A132DA692E24FF80E4E59DE387046640A2E471
BepInEx/config/GalMaster_PhoneImages/2480x3508/手机13_4_ko.png	2F6F90ADE470748938E0357CE2402B0E459023BFBD5664AFA1AF8652C8F57CF6
BepInEx/config/GalMaster_PhoneImages/2480x3508/手机13_5_ko.png	4DAB5590CBDB7C03A16C744B9E04C15436B1945E2F87646B53802A1CB962C34C
BepInEx/config/GalMaster_PhoneImages/2480x3508/手机13_6_ko.png	79D4072046923D9689328F9514DD2B58C29E908EB41E9845A04B3C8DC23AE6EC
BepInEx/config/GalMaster_PhoneImages/2480x3508/手机13_7_ko.png	23BD04CE7AD2CDB03A621E7BC4B53CC36CF45EFCB270E065FDE28E1DCCD19AF0
BepInEx/config/GalMaster_PhoneImages/2480x3508/手机13_8_ko.png	DF3B7CB255C8A1F7624A6CE314F648EC8557369A3908C197631B8D3F3E4C3AFF
BepInEx/config/GalMaster_PhoneImages/2480x3508/手机13_9_ko.png	BEA428CB75D1000BA7D6317825D8101E57CC3EEF2AC45633E5570857D3DDDFA3
BepInEx/config/GalMaster_PhoneImages/2480x3508/手机14_1_ko.png	0C7902C155795326CBD4F3E2F8204F256C81E9662F8FD4DFB1B644570B85D276
BepInEx/config/GalMaster_PhoneImages/2480x3508/手机14_2_ko.png	6664B558CCDAC561A4BEE09004874099EC91D009FA586127B74ABA69BB88E51A
BepInEx/config/GalMaster_PhoneImages/2480x3508/手机14_3_ko.png	504DA327F94197CD5AAD8A9CF681609BB7578774AAEC68777019E56706F2A559
BepInEx/config/GalMaster_PhoneImages/2480x3508/手机14_4_ko.png	F025F690FD479F08761FACA3E2007818FE0E32F2582EC48749C8FAB8A42CDA21
BepInEx/config/GalMaster_PhoneImages/2480x3508/手机14_5_ko.png	9F324DD9075CA79E30070FD4522863BD39A9C65FB388EA84E74552383AE53C6A
BepInEx/config/GalMaster_PhoneImages/2480x3508/手机14_6_ko.png	15B53A1AB626DB0FD53BCBCE039ACC0F0D7C6FE3EEFF64EE4AF2D369210FF830
BepInEx/config/GalMaster_PhoneImages/2480x3508/手机4_1_ko.png	2E4C7DBB25FE6EBD102C04824E2431E79D52F3AFCC6A0FF95966557EC7F1C60B
BepInEx/config/GalMaster_PhoneImages/2480x3508/手机4_2_ko.png	E308E4770EE458E141C4D2BECB576135C2D36E4BE3FB6BEE27615E262323BD11
BepInEx/config/GalMaster_PhoneImages/2480x3508/手机4_3_ko.png	D7DBA450CF9E3062094C8725D63283E196E2573907D3B61E9975357D9ABCE3BD
BepInEx/config/GalMaster_PhoneImages/2480x3508/手机4_4_ko.png	C17067831461BA3FB68BA544C15587524D7AD04B6E67704D4550EF8745FDF8FE
BepInEx/config/GalMaster_PhoneImages/2480x3508/手机4_5_ko.png	B2A0ABEC6D1E7A9C7D951A222C80ADE3972CF447B2AE6C51B504605D893CFB5F
BepInEx/config/GalMaster_PhoneImages/2480x3508/手机4_6_ko.png	E830A074DC7551B9BE20DBA5365DE1B5C5E2D276E339A610BF1226E3E1A7FD2E
BepInEx/config/GalMaster_PhoneImages/2480x3508/手机5_1_ko.png	7D619EBB8220A486F83E7C53DA9B88CC94A13A16039EADF401674B95B4DC81FC
BepInEx/config/GalMaster_PhoneImages/2480x3508/手机5_10_ko.png	DC54CDE890E51DE28AFDBF5F3D98E0FEB83BA4D7EB6592AC56DDBC06156D5455
BepInEx/config/GalMaster_PhoneImages/2480x3508/手机5_2_ko.png	E48765710E54767DD7957712165D66A6B9BD2CF8C833903F9DA51BA0B91CC4B8
BepInEx/config/GalMaster_PhoneImages/2480x3508/手机5_3_ko.png	ACC9C2B2CC4DB0384D00E2A6C8612D0DA69951E5849D66AF22ACF93D1C1CA695
BepInEx/config/GalMaster_PhoneImages/2480x3508/手机5_4_ko.png	AC6C835B3054B5851537F1335634278E88B5C720BEFBC1FF96E982C31B50A2A5
BepInEx/config/GalMaster_PhoneImages/2480x3508/手机5_5_ko.png	D51F27CE37E79B60C861AC6119C776E1C69A248EE4F101D5CFD4553363CC5322
BepInEx/config/GalMaster_PhoneImages/2480x3508/手机5_6_ko.png	EEAF9F24B1F09040A3733575542D4D497ECDE3131B6086681953979B45C656C2
BepInEx/config/GalMaster_PhoneImages/2480x3508/手机5_7_ko.png	8D73B30C12DB1DA4D3874C41F2795302F8F6A57A32DE47C06DEEE955B9A89A47
BepInEx/config/GalMaster_PhoneImages/2480x3508/手机5_8_ko.png	35999A9BF9FF081A85EDF624704738D91F2CBAB44DE5825A8FD8091046B6800A
BepInEx/config/GalMaster_PhoneImages/2480x3508/手机5_9_ko.png	B3BC915CAFDAFEFE5CA084CE66F81BFB07E1E064097B7ACDA9F33993F804C293
BepInEx/config/GalMaster_PhoneImages/2480x3508/手机6_1_ko.png	9FCCDE9A79B04B3610BE9C5778CE9012B1B8C47581D5D0ACB78EE965FA2B437D
BepInEx/config/GalMaster_PhoneImages/2480x3508/手机6_2_ko.png	8C902EB3519D795C36406AEE4622622E4D872A4ED8D7BAB469F13FB8525B253C
BepInEx/config/GalMaster_PhoneImages/2480x3508/手机6_3_ko.png	C10B2639DCF48CC0565707B902D5A7B56BDF4810C51CF851DEC1248212DE28D1
BepInEx/config/GalMaster_PhoneImages/2480x3508/手机6_4_ko.png	5683516E7930C605D82FD37B931439984A78B320616EBCFF21EBBF85DDB4200F
BepInEx/config/GalMaster_PhoneImages/2480x3508/手机6_5_ko.png	9A42CEA1EAE9228A05B7CD633606A612915C936A3F1796DBB5D0C3D0EC3B1DE8
BepInEx/config/GalMaster_PhoneImages/2480x3508/手机6_6_ko.png	E28E6AE828F824B57EADB94EDE45151330BC0A00A00F5B5231A031BAF8D0C0AA
BepInEx/config/GalMaster_PhoneImages/2480x3508/手机6_7_ko.png	1C398C563CC60EEC0C6369889F38DF2C59D93C775619FE51315B9D7A1CD2F9C2
BepInEx/config/GalMaster_PhoneImages/2480x3508/手机7_1_ko.png	AC07A4426845DB81764E7D2FB1731BB548C05B834083A48A6549FAF5B03D178A
BepInEx/config/GalMaster_PhoneImages/2480x3508/手机7_2_ko.png	B25974F769293494012DCC5EC5888B66D6FA35BAB35697CD5D9EBB845879BB8E
BepInEx/config/GalMaster_PhoneImages/2480x3508/手机7_3_ko.png	66FC122327C2015471301285646C320ED026BF6B2886ABC3DE856C41DC99E59D
BepInEx/config/GalMaster_PhoneImages/2480x3508/手机7_4_ko.png	21DD50FA128A064ED82D8A4142068D2B5DFA78461704584EB814B5A741B53A5D
BepInEx/config/GalMaster_PhoneImages/2480x3508/手机7_5_ko.png	2BBDD2AB184478E9A0919D9362F55D82A1B19FDEE482A1611FDF96EF36E95209
BepInEx/config/GalMaster_UI_ko.tsv	130487CF001811348D3520E77E08122095A07D28DFCABC7E7437A33250DEB04E
BepInEx/core/0Harmony.dll	1A21CC03424FC82C3DD1346905D16494536B9595AE4162228D99FB7C285C1031
BepInEx/core/0Harmony20.dll	C755A5AB2712915A32F9A850D580A8C1B70FF1653BC76600F2767AA8FFCCC663
BepInEx/core/BepInEx.dll	8255B28902886085C578B9E427D3073C97002DB85176D2090CDEDA90EF14CE70
BepInEx/core/BepInEx.Harmony.dll	00C8F2AC48593E4D45CE4EB26CE4E68B18113C5C489B38B8BF0850F65830D601
BepInEx/core/BepInEx.Preloader.dll	55D3895351A9D16B63B6F35F1C01B44AC650979E853D0BD3A442B92A082AF64F
BepInEx/core/HarmonyXInterop.dll	7CE1342D3AFA0334B59A3E38C0AED15E162B9ABE9D46F95F34BE44AF47F3B493
BepInEx/core/Mono.Cecil.dll	7AE470288FFF4A402899C254D0A76CEFEF55877F5C54F96E83C797CC5BB6E2F6
BepInEx/core/Mono.Cecil.Mdb.dll	5896D1898F616701FFF18F3B2C71E6B844D2390EF9F41E1C5FCCCE8CB27C698E
BepInEx/core/Mono.Cecil.Pdb.dll	174DB44A067F58561510AF746F3CAEB032037762C57A31C8D9EE32DB25174984
BepInEx/core/Mono.Cecil.Rocks.dll	54AC539FB5DDC8B44C0E9ACD0FCB7324F89D1A072EDF8EBC1B06DD691E3D3927
BepInEx/core/MonoMod.RuntimeDetour.dll	40E49BB314391CD7BDDC2644F8553EEBA92C194B940836B103DF16955C464E0C
BepInEx/core/MonoMod.Utils.dll	9D1495F147AC93C4F81F84538C1A326E8F8A6AEFC78D6289D798F3CE1162C5E9
BepInEx/licenses/BepInEx.txt	E6E534EF6F4347B6449407EE046A3D09CB0174C6F688C996AD0BED94B74B3933
BepInEx/licenses/Doorstop.txt	20C17D8B8C48A600800DFD14F95D5CB9FF47066A9641DDEAB48DC54AEC96E331
BepInEx/licenses/HarmonyX.txt	7E54AB4766EF78637A05FB3454663A66DE6BB960DBD4C7088890ED76B0844F36
BepInEx/licenses/Mono.Cecil.txt	13D58ECBED676511C0C4C4009BFF107025E50007FF5E7901DC562700EC62509E
BepInEx/licenses/MonoMod.txt	0B64833222E3C6A426AD29362D26334619FE02EAF2B89EA9C37805521896C920
BepInEx/licenses/NanumSquareRound.txt	80E9464C819575171E8BF50951B0367CDA397D1DDC8CBE1B7DE7EA586C6670A2
BepInEx/licenses/UnityDoorstop-v4.5.0-source.zip	7F0C963104AA08BF5FEFEF8FF85E7FECD8306838F5AF3101487D9DB4E9188D63
BepInEx/plugins/GalMasterKorean.dll	859D4BC9F02C42426DCEC89B87B1AAE5CA13D5F5C284DB7B149A4C06A78D4B12
doorstop_config.ini	4D5C6DFA0F771C6A5B1B0C559ACA0BD0ECE7D08B08FFF894708DC3B73CE73CFC
winhttp.dll	8C6CDBC38836DEE87E3368F5DE1994D7C0CCEBF29E4CE7ABA3C0981F9375412C
